{"cameraMode":{"drawMode":2,"name":"Shaded Wireframe","section":"Shading Mode"},"sceneLighting":false,"audioPlay":false,"sceneViewState":{"showFog":true,"showMaterialUpdate":false,"showSkybox":false,"showFlares":true,"showImageEffects":true,"showParticleSystems":true},"in2DMode":false,"pivot":{"x":0.026958564296364785,"y":-0.4091642498970032,"z":-0.028381122276186944},"rotation":{"x":-0.7371922731399536,"y":-0.05445517972111702,"z":0.059843458235263827,"w":-0.6708211302757263},"size":0.45951974391937258,"orthographic":false}