{"cameraMode":{"drawMode":2,"name":"Shaded Wireframe","section":"Shading Mode"},"sceneLighting":true,"audioPlay":false,"sceneViewState":{"showFog":true,"showMaterialUpdate":false,"showSkybox":true,"showFlares":true,"showImageEffects":true,"showParticleSystems":true},"in2DMode":false,"pivot":{"x":-0.7353035807609558,"y":2.9321975708007814,"z":-6.510824203491211},"rotation":{"x":-0.006301690358668566,"y":-0.0014992147916927934,"z":0.000009880293873720802,"w":-0.9999790191650391},"size":20.001705169677736,"orthographic":false}